party,year,total_votes,no_of_seats
A S P,2014,557,1
AAAP,2014,11036817,404
AAAP,2019,2716629,35
AABHAP,2019,16481,4
AACP,2019,838,1
AAHPty,2019,3434,1
AAM,2019,34845,5
AAMJP,2014,9371,1
AAP,2014,4380,2
AAPP,2019,18866,22
ABAS,2014,296,1
ABCD(A),2014,1461,2
ABD,2019,716,1
ABEP,2019,1006,1
ABGP,2019,48426,5
ABHKP,2014,685,1
ABHM,2014,29483,8
ABHM,2019,23475,5
ABHP,2019,1976,1
ABHS,2019,1567,1
ABJS,2014,20902,4
ABJS,2019,9015,6
ABLP,2019,503,1
ABML(S),2014,59735,5
ABML(S),2019,5179,2
ABMP,2014,1077,1
ABMP,2019,885,2
ABNNP,2019,2759,1
ABRS,2014,683,1
ABSC,2014,2530,1
ABSKP,2019,9912,1
ABSP,2014,651,1
ABSR,2014,4380,1
ABSSP,2019,735,1
ABVCP,2014,2255,1
ACDP,2019,40214,11
ACP,2019,1263,1
AD,2014,820155,6
ADAL,2019,1039478,2
ADMK,2014,18111579,40
ADMK,2019,8307345,22
ADPT,2014,5579,4
ADPT,2019,5682,2
ADRP,2019,8285,1
ADRSP,2019,3423,2
ADSMK,2014,2372,1
ADSP,2014,11362,2
ADUP,2014,9265,2
ADUP,2019,8541,1
AGP,2014,577730,12
AGP,2019,1480697,3
AGRJP,2014,5228,2
AHFBK,2019,23252,2
AHIMSASP,2019,972,1
AHNP,2019,50071,8
AIACP,2014,1593,1
AIDMMK,2019,1765,1
AIFB,2014,1211418,39
AIFB,2019,322507,35
AIJAP,2019,6495,1
AIMAK,2019,645,1
AIMF,2014,9938,5
AIMF,2019,1850,3
AIMIM,2014,685730,5
AIMIM,2019,1201542,3
AINHCP,2019,8082,4
AINPP,2019,2023,3
AINRC,2014,255826,1
AINRC,2019,247956,1
AIP,2019,396,1
AIPF,2014,7630,3
AIPF,2019,11032,1
AIPTMMK,2019,2764,1
AIRCP,2019,1282,1
AIRSP,2014,543,1
AITC,2014,21215661,123
AITC,2019,24929330,62
AIUC,2019,4024,1
AIUDF,2014,2333040,18
AIUDF,2019,1402088,3
AIUUK,2019,1999,1
AIVP,2019,643,1
AJKMP,2014,4392,2
AJM,2019,21678,4
AJNSP,2019,551,1
AJPI,2019,16749,7
AJPR,2019,31017,3
AJSUP,2014,481667,9
AJSUP,2019,648277,1
AKAKRP,2014,1568,1
AKBAP,2014,1040,1
AKBHAD,2019,12538,5
AKBJHP,2014,16616,3
AKBJHP,2019,8484,1
AKBMP,2014,11221,2
AKBMP,2019,10127,1
AKHP,2019,3907,1
AKSP,2019,7569,2
ALHP,2014,5977,4
ALHP,2019,1764,2
ALINLBP,2019,2707,1
ALoP,2019,4856,2
AMB,2014,74626,16
AMB,2019,36570,9
AMKP,2019,829,1
AMP,2014,1920,1
AMPK,2019,5089,2
AMS,2014,8544,1
AMiP,2019,11311,2
ANC,2014,19863,10
ANC,2019,49149,21
ANIJP,2019,2017,1
ANNADATA,2019,5147,1
ANRP,2019,2360,1
ANSP,2019,1424,1
APCP,2014,15370,1
APEP,2019,1368,2
APKSP,2019,8354,1
APM,2014,372,1
APRSSP,2014,2743,2
APoI,2014,64922,20
APoI,2019,381070,77
ARK,2019,2626,4
ARP,2014,16461,4
ARP,2019,4399,2
ARPS,2014,12042,3
ARPS,2019,1563,1
ARVP,2014,12037,7
ARWP,2014,2029,1
ASDC,2019,36915,1
ASDHP,2019,11598,4
ASGP,2019,4283,1
ASJP,2019,3678,1
ASP,2014,27589,7
ASP,2019,35076,8
ASaP,2014,1617,1
ASaP,2019,5504,3
ATBP,2014,2135,2
ATBP,2019,4737,2
AVIRP,2014,5861,3
AVIRP,2019,7697,4
AVVP,2019,3526,2
AYP,2019,921,1
AYSRCP,2019,5511,2
Aa S P,2014,3482,2
AgIMK,2019,7320,5
AlPP,2019,370,1
AnAP,2019,1281,1
AwVP,2014,3747,4
BA S D,2014,59815,9
BAAP,2019,3919,4
BAEP,2019,8164,1
BAHUMP,2019,46185,20
BALP,2019,24915,7
BARESP,2019,54266,27
BARP,2019,15907,4
BAWPA,2019,14060,4
BBC,2014,7197,2
BBC,2019,19500,6
BBKD,2019,6684,5
BBM,2014,360854,23
BBM,2019,5971,2
BBMP,2014,10160,2
BBMP,2019,9894,1
BBPP,2019,1268,1
BBPSP,2014,1679,1
BC,2014,5371,2
BCBDP,2014,596,1
BCP,2014,802,1
BCUF,2014,7036,2
BCUF,2019,649,1
BDBRAJP,2014,9481,6
BDJS,2019,380847,4
BDPty,2019,472,1
BDlP,2019,15376,3
BED,2014,90314,7
BEMP,2014,8729,2
BEPP,2019,1434,1
BGTD,2014,5761,5
BGanP,2019,13039,4
BHABHAPA,2019,1995,2
BHAIP,2019,3264,3
BHAPRAP,2019,92100,52
BHAZS,2019,1527,1
BHBHP,2019,6730,3
BHBP,2014,4653,4
BHBP,2019,1069,1
BHHF,2019,6508,2
BHJMP,2019,1055,1
BHMP,2019,6511,2
BHNKP,2014,502,1
BHPP,2014,4291,2
BHPP,2019,1649,1
BHSSP,2014,4956,1
BHTJP,2019,7210,4
BIP,2014,5362,2
BIP,2019,2231,1
BJAZP,2019,8421,2
BJD,2019,10174021,21
BJJD,2014,4664,1
BJKD,2014,14685,3
BJKD,2019,29507,7
BJKVP,2014,21524,6
BJKVP,2019,40906,7
BJM,2014,325,1
BJNP,2019,6735,4
BJP,2014,161047761,396
BJP,2019,229076879,436
BJPARTY,2014,6765,1
BJSAP,2019,1218,2
BJSP,2014,1337,1
BJSPP,2019,1392,1
BJSTP,2019,12416,1
BKLJP,2014,3392,1
BKNP,2019,20995,14
BKP,2014,1174,1
BKPP,2014,7342,2
BKPP,2019,9503,1
BKSL,2014,3826,2
BKVP,2019,3778,1
BKrD,2014,4250,4
BKrD,2019,4696,4
BLND,2019,32445,8
BLRP,2019,29129,7
BLSD,2019,34643,9
BLSP,2014,1078473,4
BLSP,2019,1462518,5
BLokSP,2019,3271,4
BMF,2014,16182,4
BMF,2019,23765,7
BMFP,2019,11132,10
BMJP,2019,822,1
BMNSP,2014,877,1
BMSM,2014,3441,1
BMSM,2019,2484,2
BMUP,2014,763532,226
BMUP,2019,405949,119
BMVSP,2019,3908,3
BMtrP,2019,12737,3
BNARP,2019,31308,7
BND,2019,1047,1
BNDl,2019,26746,4
BNIP,2014,1440,1
BNIP,2019,932,1
BNJD,2014,20209,4
BNJD,2019,16743,4
BNNP,2014,2533,2
BNSKP,2019,2640,1
BNavP,2019,619,1
BOPF,2014,330106,2
BOPF,2019,446774,1
BPC,2014,2571,3
BPC,2019,724,1
BPKP,2019,3385,3
BPSJP,2019,14757,8
BRABSVP,2014,3238,1
BRAVP,2014,4411,2
BRKP(D),2019,2880,2
BRM,2019,8260,2
BRMD,2014,1607,1
BRP,2019,992,1
BRPI,2014,2138,1
BRPI,2019,14142,1
BRPP,2014,8226,4
BRPPA,2019,1008,1
BRSP,2019,1695,1
BRVP,2014,1152,1
BSCP,2014,75966,28
BSCP,2019,105997,35
BSD,2014,1096,1
BSDL,2014,1723,2
BSDL,2019,743,1
BSDS,2014,924,1
BSHSP,2019,1852,1
BSKD,2014,1423,1
BSKP,2014,2409,2
BSKP,2019,829,1
BSKRP,2019,1948,1
BSP,2014,22434033,471
BSP,2019,22246501,383
BSP(A),2014,11104,5
BSP(A),2019,6802,5
BSP(K),2014,5416,2
BSPM,2019,501,1
BSSPA,2019,7370,3
BSUSP,2019,1786,1
BTARP,2019,4632,2
BTP,2019,539319,19
BUNKD,2019,1849,1
BVA,2014,293681,1
BVA,2019,491596,1
BVLP,2014,161,1
BVM,2014,45667,8
BYPP,2019,3449,2
BYS,2014,38633,6
BaHaP,2019,1886,1
BaJD,2019,489,1
BaSaP,2014,5845,2
BaSaPa,2019,3638,2
BaVaP,2014,4142,2
BaVaP,2019,984,1
BhAmAP,2019,9628,1
BhBSP,2019,2210,2
BhJaSP,2014,3336,2
BhNP,2014,2000,1
BhNP,2019,5674,1
BhNaP,2014,1408,1
BhSMP,2014,15940,7
BhaRP,2019,461,1
CDF,2019,494,1
CHALP,2019,958,2
CHKAP,2019,3186,1
CPI,2014,4204428,61
CPI,2019,3576184,49
CPI(ML)(L),2014,978153,77
CPI(ML)(L),2019,711715,22
CPIM,2014,88843,40
CPIM,2019,10835553,98
CPM,2014,17938138,91
CSM,2014,11837,3
CSM,2019,2691,2
CoAP,2019,275,1
DABAP,2014,7746,2
DABAP,2019,6133,3
DAMK,2019,719,1
DBSP,2014,5240,5
DCLF,2019,596,1
DCP,2014,833,1
DESEP,2014,1262,1
DFBL,2014,17465,4
DJHP,2019,273,1
DKSP,2019,346,1
DMDK,2014,2078843,14
DMDK,2019,929590,4
DMK,2014,9631246,35
DMK,2019,14363332,24
DMSK,2019,15008,10
DND,2014,4130,1
DNP,2014,5485,1
DPI,2019,499,1
DPIN,2019,4913,3
DPPS,2014,1342,1
DPPS,2019,429,1
DSPVAD,2019,3522,3
DSSP,2019,26588,2
DUUK,2019,3337,2
DaP,2014,2175,1
DaVP,2014,950,1
EKSP,2014,5341,2
EP,2019,1442,1
ESKP,2014,2988,1
ESP,2019,1270,1
ETMK,2014,3023,1
ETMK,2019,5482,3
FDLP,2019,1519,1
FIP,2019,820,1
FJP,2019,564,1
FPI,2019,6884,3
GAGUP,2019,10469,3
GGP,2014,201722,20
GGP,2019,210088,22
GJNP,2019,11678,2
GJPP,2019,1524,1
GOA,2014,530,1
GPI,2019,11631,3
GRIP,2014,2594,1
GSRP,2014,783,1
GaAP,2014,23505,9
GaAP,2019,385,1
HAMS,2019,956501,3
HAPa,2019,2728,2
HBP,2019,16672,9
HCP,2019,2094,2
HEP,2014,566,1
HIMJKP,2019,970,1
HJCBL,2014,703698,2
HJP,2014,46761,15
HJP,2019,9997,7
HKRD,2014,6703,3
HMRD,2019,447,1
HMSKP,2019,1998,1
HND,2014,8889,6
HND,2019,122972,47
HSCP,2014,888,1
HSP,2019,1014,1
HSS,2019,21771,9
HVD,2014,7921,2
HiPPa,2014,8853,1
HiPPa,2019,3750,1
HiSP,2014,997,1
HuSP,2019,1432,1
IBSP,2014,1059,1
IBSPK,2014,1952,2
ICF,2019,4832,4
ICSP,2014,14360,6
IDRP,2019,7784,2
IICR,2019,2569,1
IJP,2014,1103,1
IKL,2014,5084,2
ILP(AP),2014,6390,2
ILP(AP),2019,4923,4
IMK,2019,748,1
INC,2014,96641749,432
INC,2019,119495214,421
INCP,2019,20235,3
IND,2014,15888094,3096
IND,2019,16583326,3461
INDPP,2019,1723,1
INL,2014,11924,4
INL,2019,3644,2
INLD,2014,2799899,10
INLD,2019,240258,10
IOP,2014,649,1
IPBP,2019,20682,12
IPFT,2014,21326,2
IPFT,2019,89529,2
IPGP,2014,3488,3
IPGP,2019,9538,2
IPP,2014,2155,1
IRNP,2019,2012,1
ISSP,2014,16903,4
IUC,2014,13527,3
IUC,2019,4003,2
IUML,2014,1100096,25
IUML,2019,1592467,9
IVD,2014,2570,2
IVD,2019,718,1
IVP,2014,398,1
JAAP,2019,1812,1
JAC,2019,14595,7
JAJGP,2019,11464,7
JANADIP,2019,79975,19
JANKRPR,2019,4873,2
JANSAPP,2019,3646,4
JAP,2014,2249,2
JAPL,2019,97631,1
JASP,2019,712,1
JASWP,2019,1056,1
JBSP,2014,215607,1
JD,2019,1572,1
JD(S),2014,3731481,34
JD(S),2019,3457107,9
JD(U),2014,5984608,91
JD(U),2019,8926679,25
JDL,2019,203369,2
JDP,2014,105435,18
JDR,2014,53864,9
JDR,2019,27584,3
JGHTP,2019,6171,2
JGP,2014,27624,7
JHAP,2014,12240,3
JHAP,2019,4164,1
JHBHP,2019,7192,2
JHP,2014,14754,1
JHP,2019,13693,1
JJ,2014,1517,1
JJJKP,2019,4809,4
JKM,2014,2711,1
JKN,2014,396713,3
JKN,2019,280356,3
JKNPP,2014,57103,13
JKNPP,2019,39760,8
JKP,2014,203869,4
JKP,2019,35060,4
JKP(N),2014,16670,3
JKP(N),2019,18869,2
JKPDP,2014,732644,5
JKPDP,2019,84054,2
JKPP,2019,16195,4
JKPPAP,2019,1612,1
JKPS,2019,1244,1
JKiP,2019,33902,8
JLokP,2019,473,1
JM,2014,2901,1
JMBP,2014,57988,27
JMBP,2019,3267,3
JMM,2014,1465010,20
JMM,2019,1901976,13
JMM(U),2014,3512,1
JMM(U),2019,8672,1
JND,2014,4719,1
JNJP,2019,619970,7
JNSMP,2019,3706,3
JP,2019,13467,4
JPC,2014,71154,1
JPC,2019,133612,3
JPD,2019,913,1
JPJD,2014,27619,5
JPJD,2019,27404,11
JPS,2014,47696,12
JPS,2019,2640,2
JRPa,2014,3846,2
JRPa,2019,2308,2
JRVP,2019,2364,1
JSEP,2014,6636,3
JSEP,2019,1557,1
JSK,2014,4489,1
JSMP,2014,357,1
JSP,2019,2484,2
JSVP,2019,10569,5
JTVP,2019,17955,3
JVBP,2014,4270,2
JVBP,2019,696,1
JVD,2014,10870,2
JVM,2014,1579772,16
JVM,2019,750799,2
JaRaP,2014,2543,1
JaRaPa,2014,1318,1
JaSD,2019,5758,2
JaSPa,2014,204260,27
JaSSP,2019,3731,2
JanSP,2014,944,1
JanSP,2019,11324,5
JeSM,2014,10564,3
JeSM,2019,5885,2
JnP,2019,1915127,24
KAP,2014,33172,10
KARASP,2019,512,1
KBD,2019,7255,5
KCVP,2014,707,1
KCVP,2019,2510,1
KDC,2014,1345,1
KEC,2019,155135,1
KEC(M),2014,424194,1
KEC(M),2019,421046,1
KHSNP,2019,687,1
KJP,2019,2013,2
KKJHS,2019,11200,5
KKMP,2019,3084,4
KMBS,2014,7839,2
KMBS,2019,1574,1
KMSP,2019,7974,4
KPJP,2019,1207,1
KPOI,2019,5647,2
KPPR,2019,3697,2
KPPU,2019,12666,6
KRUP,2019,8510,3
KS,2014,2946,1
KS,2019,12432,5
KSRP,2019,2426,1
KSRSP,2019,3303,1
KVD,2014,7541,3
LAJSP,2019,9868,1
LB,2014,13399,8
LCD,2019,2384,1
LD,2014,48202,21
LD,2019,18218,5
LIP,2019,469784,3
LJGP,2019,1135,1
LJP,2014,2295929,7
LJP,2019,3206979,6
LJSPty,2019,968,1
LJVM,2019,9278,2
LKJP,2014,10026,3
LKSGM,2019,8418,1
LOGAP,2019,18684,7
LOKJANP,2019,2725,1
LPI(V),2014,1993,1
LPR,2014,4396,3
LPSP,2014,13304,3
LPSP,2019,478,1
LS,2014,3722,1
LSD,2019,6313,1
LSP,2014,165670,7
LSWP,2014,2820,2
LTSP,2019,55280,2
LoRP,2014,1491,2
LoRP,2019,705,1
MADP,2014,15742,3
MADP,2019,59235,13
MAHKRS,2019,2761,1
MAHP,2014,2101,1
MAMAK,2014,236679,1
MARD,2019,973,2
MBCOI,2014,19417,9
MBT,2014,11347,4
MCO,2014,110185,1
MCPI,2014,13019,5
MCPI,2019,21045,6
MD,2014,22774,3
MDKMGPH,2019,1669,1
MDMK,2014,1417535,7
MDPF,2014,2005,1
MDPF,2019,1256,1
MEDP,2014,10490,3
MHD,2014,2482,1
MHD,2019,2477,1
MKDVP,2019,5017,5
MKUP,2014,360,1
MKUP,2019,687,1
MKat,2019,1115,2
MLJK,2019,265,1
MLPOIRF,2019,14016,3
MMKA,2014,8468,7
MMKA,2019,3599,1
MMM,2014,4409,1
MNDP,2014,11225,6
MNDP,2019,6198,3
MNF,2019,224286,1
MNM,2019,1613708,37
MNS,2014,708010,10
MNVP,2019,3962,1
MOP,2014,5406,1
MOSP,2014,4986,2
MOSP,2019,21234,3
MPEP,2019,1783,1
MPJVP,2019,15472,3
MPOI,2019,4057,2
MPP,2019,7342,4
MPS(T),2014,13339,10
MSHP,2019,281578,2
MSJP,2019,2427,2
MSKK,2019,2906,1
MVA,2014,3715,3
MYSP,2019,605,1
MaJP,2014,997,1
MaNPa,2019,4071,4
MaSP,2014,22022,4
MaSPa,2014,2425,1
ManJP,2019,6267,2
ManKP,2019,1344,1
MwSP,2014,17890,7
MwSP,2019,4498,2
NABMUP,2019,1453,1
NADP,2014,15967,12
NAJC,2014,2196,2
NALAP,2019,2833,1
NAP,2014,36181,17
NAP,2019,7294,6
NAPt,2019,1044,1
NATJUP,2019,6531,4
NATWOMP,2019,3903,2
NAWPP,2019,161645,1
NBDP,2014,16153,9
NBNP,2014,485,1
NCP,2014,8635558,36
NCP,2019,8500331,34
NDDHP,2019,628,1
NDEP,2014,3618,1
NDEP,2019,1138,1
NDPOI,2019,7081,3
NDPP,2019,500510,1
NED,2019,2371,1
NEINDP,2019,37221,2
NEP,2014,2917,3
NEP,2019,18037,4
NFFF,2019,1308,1
NIDP,2019,2597,2
NIP,2014,5082,2
NIP,2019,1059,2
NIRBHP,2019,2449,1
NJANP,2019,4847,2
NJC,2014,1463,1
NJP,2019,4444,1
NLP,2014,11174,7
NMK,2014,2511,1
NNKP,2019,887,1
NNMP,2019,985,1
NNP,2014,441,1
NNP,2019,4590,1
NOC,2014,1198,2
NOTA,2014,5445287,511
NOTA,2019,6522772,543
NP,2014,791,1
NPEP,2014,576448,7
NPEP,2019,425986,11
NPF,2014,994505,2
NPF,2019,363527,1
NPRP,2019,8007,1
NPSF,2019,5798,1
NPT,2014,1455,1
NPT,2019,1341,2
NRCP,2019,4265,5
NRCong,2019,4278,2
NRSN,2014,1725,1
NSBHP,2019,1160,1
NSBP,2014,3829,1
NSCBRAP,2019,2342,1
NTK,2019,1695074,39
NTP,2014,3251,1
NVSP,2019,4286,1
NYP,2014,1176,2
NYP,2019,1053,2
NaLP,2014,3072,1
NaLP,2019,1628,1
NavaP,2019,1135,1
OPD,2019,8304,1
PAP,2014,698,1
PAP,2019,1346,1
PBI,2014,2271,1
PBI,2019,19457,9
PDP,2019,39856,3
PDS,2014,22284,7
PDS,2019,12087,5
PECP,2014,518724,51
PECP,2019,29998,14
PG,2014,7222,1
PGSP,2014,4052,2
PGSP,2019,11752,3
PHJSP,2019,20620,1
PHRC,2014,4852,4
PHRC,2019,10532,2
PHSP,2019,4073,1
PJSP,2019,4179,1
PLM,2019,3339,1
PLP,2014,1386,1
PLP,2019,692,1
PMK,2014,1827566,9
PMK,2019,2297431,7
PMP,2019,13238,2
PMPT,2019,13450,3
PMSP,2014,39039,9
PMSP,2019,8210,3
PNP,2019,1695,1
PPA,2014,47018,2
PPA,2019,27703,2
PPI,2014,4082,1
PPID,2019,153103,56
PPIS,2014,331,1
PPIS,2019,4914,3
PPOI,2014,185478,38
PPOI,2019,77169,48
PRCP,2014,19470,11
PRCP,2019,13229,5
PRISM,2014,2694,1
PRISM,2019,1400,5
PRISMP,2019,13323,1
PRJP,2019,5451,3
PRSHP,2019,9738,4
PRSP,2014,21284,5
PRSP,2019,4612,1
PSJP,2014,433,1
PSJP,2019,6469,3
PSPL,2019,347026,83
PSPU,2019,8884,2
PSS,2014,15368,4
PSS,2019,13535,6
PT,2014,262812,1
PUDEP,2019,1319,1
PUJP,2019,43892,14
PUNEKP,2019,296620,3
PUNP,2019,547,1
PWPI,2014,497721,3
PrStP,2019,1462,2
QED,2014,354577,9
RABSP,2019,1777,1
RAC,2014,4527,2
RACHEP,2019,1975,1
RADM,2019,3799,2
RADP,2014,38322,4
RAHIS,2019,67782,6
RAHM,2014,13185,7
RAHM,2019,440,1
RAIM,2019,10914,1
RAJADP,2019,1596,2
RAJSPty,2019,1425,1
RAJUP,2019,776,1
RAKP,2014,2096,2
RAKRD,2019,475,1
RAPI,2019,4016,2
RAPa,2014,3408,2
RAPty,2019,2272,1
RASAP,2019,3687,3
RASHLSP,2019,3944,1
RASJGP,2019,5768,1
RASMARP,2019,8997,5
RBC,2014,6265,1
RBCP,2014,5801,2
RBCP,2019,1574,1
RBHP,2014,1842,3
RBJJP,2019,2291,2
RBP,2019,584,1
RBS,2014,2910,2
RBS,2019,1820,1
RCMP,2014,2803,2
RD,2019,1220,1
RDHP,2014,4112,1
RDHP,2019,368,1
RDU,2019,1907,1
REALDP,2019,532,1
REP,2014,601,1
RGD,2014,1111,1
RGD,2019,1749,2
RGOP,2019,1850,1
RHSP,2019,1648,3
RJ,2014,1145,2
RJANSWP,2019,4897,2
RJAP,2014,415,1
RJAPU,2019,7561,2
RJAVP,2014,259,1
RJAVP,2019,535,1
RJBP,2019,55868,13
RJBVP,2019,1600,1
RJD,2014,7440937,29
RJD,2019,6632247,21
RJJM,2014,7147,1
RJM,2014,4647,1
RJNP,2014,18210,7
RJNP,2019,8609,5
RJP(E),2014,2654,1
RJPD,2019,1414,1
RJPK,2014,10797,5
RJSNP,2019,747,1
RJSPS,2019,8900,7
RJVP,2014,8152,3
RJanPty,2019,3433,2
RJnPty,2019,699,1
RJsbhP,2019,16902,7
RKEP,2014,1254,1
RKSP,2014,46756,9
RKSP,2019,9914,4
RLD,2014,696918,10
RLD,2019,1447363,3
RLTP,2019,660051,1
RMEP,2019,3066,3
RMGLMP,2019,798,1
RMGP,2014,2872,3
RMGP,2019,16371,3
RMMP,2019,1771,1
RMOP,2014,923,1
RMPOI,2019,17125,2
RND,2014,6192,2
RND,2019,1630,1
RNNBP,2019,811,1
RP(K),2014,60491,5
RP(K),2019,1506,1
RPB,2019,1225,1
RPC(S),2014,2025,2
RPC(S),2019,996,1
RPD,2014,95644,2
RPI,2014,87952,15
RPI,2019,12015,6
RPI(A),2014,201978,44
RPI(A),2019,71524,34
RPI(KH),2014,23110,8
RPI(KH),2019,4402,2
RPI(KM),2019,2809,1
RPIE,2014,910,1
RPIE,2019,463,1
RPIK,2019,14746,4
RPIR,2019,1777,2
RPP,2019,2718,1
RPP(LB),2014,1195,1
RPS,2014,4521,1
RPWP,2019,11248,3
RRP,2014,2225,1
RRP,2019,20704,7
RRS,2019,1229,1
RSD,2014,665,1
RSDal,2019,1548,1
RSJVP,2019,6497,2
RSMD,2014,30888,8
RSMD,2019,6918,2
RSOSP,2014,1054,1
RSOSP,2019,30983,7
RSP,2014,1666380,6
RSP,2019,709685,6
RSP(S),2019,3926,2
RSPK(B),2014,43051,1
RSPS,2014,458580,5
RSPS,2019,28545,11
RSPSR,2019,58110,5
RSSDP,2014,3283,1
RSTSAHP,2019,2756,1
RSVP,2019,349,1
RSWD,2014,6994,1
RSWD,2019,8381,1
RTAMP,2019,1965,1
RTBHP,2019,811,1
RTJPS,2019,1060,1
RTKP,2014,4112,4
RTKP,2019,6997,5
RTORP,2019,28817,14
RTSGP,2019,3895,1
RUC,2014,56324,8
RUC,2019,25756,9
RVLP,2014,2958,2
RVLP,2019,3845,1
RVMP,2014,1434,1
RVNP,2014,8713,5
RVNP,2019,42905,4
RVP,2014,2396,1
RVP,2019,477,1
RVZP,2019,1290,1
RVyP,2019,1326,1
RWSP,2014,2181,2
RaAD,2014,4327,1
RaAD,2019,1258,1
RaBaP,2014,1521,1
RaCP,2014,7650,1
RaIP,2014,4219,2
RaIP,2019,3265,1
RaJPa,2014,217,1
RaJPa,2019,3405,3
RaJSP,2014,32514,8
RaJSP,2019,23580,6
RaMSP,2014,1572,1
RaNP,2019,3167,5
RasLP,2019,12459,8
RrSP,2014,4215,1
RsAD,2014,12366,3
RsAD,2019,6840,2
RshJP,2014,1571,1
RtJP,2014,4117,1
RtrJP,2014,1526,1
RtrJP,2019,1264,1
S(J),2014,14152,3
SAAFP,2019,8643,2
SABHP,2019,20764,8
SABJANP,2019,2751,2
SACP,2019,1360,2
SAD,2014,3636148,10
SAD,2019,3778574,10
SAD(M),2014,35516,9
SAD(M),2019,52185,2
SADSP,2019,6368,1
SADT,2019,10424,1
SAJP,2019,4991,1
SAKAP,2019,6736,6
SAKSP,2019,2214,1
SANVP,2019,8205,6
SAP,2014,21631,10
SAPRP,2019,4983,1
SARP,2014,9561,5
SATKP,2019,2857,1
SAVIPA,2019,688,1
SBM,2019,2917,1
SBSP,2014,118947,13
SBSP,2019,313925,24
SBSPSP,2019,3919,3
SDC,2019,5321,4
SDF,2014,163698,1
SDF,2019,154489,1
SDP,2014,17435,2
SDP(MP),2019,12525,2
SDPI,2014,396524,29
SDPI,2019,169680,14
SDSP,2019,3139,2
SDU,2019,6283,3
SFP,2019,882,2
SGUP,2019,24816,7
SHF,2019,1306,1
SHP,2014,7953,1
SHS,2014,10262544,58
SHS,2019,12858904,98
SJD,2014,307597,1
SJDD,2019,25630,1
SJP(R),2014,59756,13
SJPA,2014,15474,7
SJPA,2019,14213,3
SJPI,2019,3927,3
SJPT,2019,1672,1
SJSMP,2019,2041,1
SJVP,2019,419,1
SKLP,2014,19253,4
SKM,2014,121956,1
SKM,2019,166922,1
SKPP,2019,1503,1
SLAP,2014,682,1
SLDP,2019,984,1
SLP(L),2014,1997,1
SMARTIP,2019,11877,4
SMFB,2019,18577,11
SNP,2019,5027,2
SP,2014,18632568,189
SP,2019,15647206,49
SP(I),2014,41518,16
SP(I),2019,3916,3
SPAKP,2019,33366,12
SPL,2019,15132,2
SPP,2014,30805,10
SPRP,2019,740,1
SRP,2014,6512,2
SSAD,2014,6788,2
SSBD,2019,2802,1
SSD,2014,10395,3
SSD,2019,63543,7
SSKP,2014,10239,4
SSPD,2014,6681,3
STBP,2019,12430,3
STBSP,2019,2142,2
STPI,2019,730,1
STR,2014,6542,1
SUCI,2014,482116,74
SUCI(C),2019,403835,113
SUSP,2019,2568,1
SUTF,2019,614,1
SVJSP,2019,1085,2
SVPP,2014,394,1
SVPP,2019,14882,4
SVRP,2014,944,1
SWAJANPA,2019,25494,9
SWAP,2019,2805,3
SWJP,2014,10008,2
SWJP,2019,1899,1
SWP,2014,1105073,2
SWP,2019,834380,2
SWPI,2014,11361,4
SWSP,2014,4016,1
SWSP,2019,2069,1
SaBP,2014,16078,5
SaBP,2019,6395,2
SaDa,2014,2329,1
SaDa,2019,2901,1
SaRaPa,2019,1961,1
SaSaP,2014,4947,1
SaSaP,2019,2417,1
SaVP,2014,763,1
SaVP,2019,2688,1
SamSP,2014,16501,6
SamSP,2019,9396,1
SanS,2019,1987,1
SatBP,2019,22560,7
SoJP,2019,805,1
SwaBP,2019,5064,3
TDP,2014,14099230,30
TDP,2019,12515345,25
TECPI,2014,2311,1
TECPI,2019,1660,1
TELYS,2019,3407,1
TGPJP,2019,521,1
TJS,2019,57073,1
TLP,2014,2567,2
TMC(M),2019,220849,1
TNLK,2019,37356,16
TNMC,2014,49024,10
TNRMPI,2019,4672,2
TPGC,2014,8952,2
TRIPP,2019,2076,1
TRMRPPI,2014,1071,1
TRS,2014,6736270,17
TRS,2019,7696848,17
TSP,2019,1048,1
TTNC,2014,474,1
TTNP,2019,2516,1
ToP,2019,330,1
UBM,2019,689,1
UCPI,2014,6472,3
UDFS,2019,451,1
UDP,2014,106817,1
UDP,2019,267256,1
UKDD,2019,12629,4
UKKD,2019,8830,4
UMK,2014,9194,8
UMK,2019,9007,6
UPI,2014,944,1
UPJP,2019,120800,27
UPNSE,2019,2051,1
UPP,2014,2045,1
UPP,2019,5351,1
UPPL,2019,312435,1
UPRP,2014,542,1
USIP,2019,1244,1
UTSAP,2019,2375,1
UtPP,2019,2041,2
VAJP,2014,350,1
VBA,2019,3743560,47
VCK,2014,606110,2
VCK,2019,507261,6
VCSMP,2019,17856,4
VHS,2014,2880,3
VIP,2014,23991,8
VIP,2019,3756,3
VIPty,2019,3694,2
VJCP,2014,3972,1
VJNP,2019,1726,2
VMMKT,2019,1108,1
VMSKP,2019,1529,1
VPI,2019,105972,20
VPP,2019,14974,4
VSIP,2019,660706,4
VSP,2014,263,1
VSP,2019,8784,3
VoP,2014,1089,1
VoP,2019,2478,2
WAP,2019,29392,1
WPOI,2014,228645,25
WPOI,2019,23035,2
YJJP,2019,10147,6
YKP,2019,30492,4
YSRCP,2014,13995435,38
YSRCP,2019,15537006,25
YSRPP,2019,1320,1
YVP,2019,2858,1
YuS,2014,4578,2
YuS,2019,1296,2
aicp,2014,3778,3
aicp,2019,3391,2
aimpr,2014,1182,1
asdp,2014,1949,1
bhp,2014,1635,1
bjdi,2014,1118,3
bjdi,2019,435,1
bjyp,2014,2000,2
bmd,2019,1549,1
bns,2014,1862,2
bns,2019,4917,3
cvgrp,2019,5540,2
grac,2014,2906,1
grac,2019,2952,1
hkd,2014,2761,1
igp,2014,546,1
igp,2019,824,2
jhspt,2014,27122,5
jhspt,2019,1431,1
kajp,2014,4839,4
kajp,2019,1336,1
lpi,2014,5804,4
mimm,2019,4413,1
mmsp,2014,959,1
nuzp,2014,124990,3
pjdl,2014,28671,3
pjdl,2019,1223,1
pms,2014,3076,1
rajpt,2019,2058,1
raup,2014,1629,1
ravp,2014,38992,6
ravp,2019,9109,1
rdsc,2014,10800,2
rpsn,2019,5982,4
shsap,2014,2982,1
skd,2019,3877,1
sps,2014,4870,2
ssrd,2014,7115,4
ssrd,2019,7325,7
svjn,2019,2554,2
swbi,2019,527,1
